epoch,time,test-score,train-score,loss,q_value,epsilon
0,1843.5280165920003,0.0043583535108958835,-0.0458494600373508,0.0013944220084633478,50.930210218461355,0.1
