epoch,time,test-score,train-score,loss
0,4430.272758317,-0.0017935757378118376,-0.0439839149580598,0.0015510958531915117
1,8826.333316514,-0.09828892882256426,-0.04769969573664724,0.0013628641224937598
