epoch,time,test-score,train-score,loss
0,4565.018150709,-0.014071977355438739,-0.05126064451494406,0.0013936724519428212
1,9058.597562995,-0.0033601049008359285,-0.04900328325970982,0.0014387802683447977
