epoch,time,test-score,train-score,loss
0,4122.896392228,-0.03960635637654271,-0.04162806769891335,0.0013464215591437521
1,8189.067364677,-0.0017537449762513701,-0.03905417299557688,0.0014082136030984305
