epoch,time,test-score,train-score,loss
0,4193.940508452,0.0004617871161394597,-0.03796428018604377,0.0013978169269944882
1,8295.480111917,-0.03155724706628608,-0.048987861776679,0.0014825040055332487
