epoch,time,test-score,train-score,loss
0,4269.525551113,-0.02383604366228559,-0.046229040052720216,0.0014883355221932027
1,8414.147560328,-0.03662331444985239,-0.05106511003324112,0.0013349314631730688
