epoch,time,test-score,train-score,loss
0,4754.767680897003,-0.02899271040424122,-0.053465866952758796,0.0014296599908429524
1,9463.032716815,-0.03314285714285714,-0.05477761682493696,0.0013645889821075022
