epoch,time,test-score,train-score,loss
0,4386.907095609,-0.0059753125245695414,-0.04688608002105432,0.0013855243187165175
1,8881.042126418,-0.0015421389467190994,-0.052075889927522497,0.0014372005780039993
